variant,mode,threads,repeat,openmp_enabled,openmp_version,openmp_max_threads,skip_save,voxel_count,load_seconds,artifact_seconds,transform_seconds,save_seconds,total_seconds,throughput_mvox_per_s,timing_json
no_openmp,transform_only,1,1,False,,1,True,125000000,0.752349291,0.000448041,1.008872792,0.0,1.761729292,123.90065525723881,/Users/mmarss/study/science/ImageRegistration3D/UIR/runs/openmp_benchmark/raw/transform_only/no_openmp/threads_1/repeat_1/timing.json
no_openmp,transform_only,1,2,False,,1,True,125000000,0.736360333,0.000441459,1.012402042,0.0,1.749309834,123.46873555594824,/Users/mmarss/study/science/ImageRegistration3D/UIR/runs/openmp_benchmark/raw/transform_only/no_openmp/threads_1/repeat_2/timing.json
no_openmp,transform_only,1,3,False,,1,True,125000000,0.72815325,0.00044575,0.999971083,0.0,1.728661958,125.00361472952713,/Users/mmarss/study/science/ImageRegistration3D/UIR/runs/openmp_benchmark/raw/transform_only/no_openmp/threads_1/repeat_3/timing.json
openmp,transform_only,1,1,True,202011,1,True,125000000,0.73208675,0.000411208,1.027923792,0.0,1.76048,121.60434554860464,/Users/mmarss/study/science/ImageRegistration3D/UIR/runs/openmp_benchmark/raw/transform_only/openmp/threads_1/repeat_1/timing.json
openmp,transform_only,1,2,True,202011,1,True,125000000,0.749905291,0.0004155,1.0144105,0.0,1.764821125,123.22427656259471,/Users/mmarss/study/science/ImageRegistration3D/UIR/runs/openmp_benchmark/raw/transform_only/openmp/threads_1/repeat_2/timing.json
openmp,transform_only,1,3,True,202011,1,True,125000000,0.738676125,0.00043925,1.022394791,0.0,1.761611792,122.26196876231933,/Users/mmarss/study/science/ImageRegistration3D/UIR/runs/openmp_benchmark/raw/transform_only/openmp/threads_1/repeat_3/timing.json
openmp,transform_only,2,1,True,202011,2,True,125000000,0.746370458,0.000418583,0.62241,0.0,1.369301541,200.8322488391896,/Users/mmarss/study/science/ImageRegistration3D/UIR/runs/openmp_benchmark/raw/transform_only/openmp/threads_2/repeat_1/timing.json
openmp,transform_only,2,2,True,202011,2,True,125000000,0.733469292,0.000436792,0.559205292,0.0,1.29320625,223.5315040616604,/Users/mmarss/study/science/ImageRegistration3D/UIR/runs/openmp_benchmark/raw/transform_only/openmp/threads_2/repeat_2/timing.json
openmp,transform_only,2,3,True,202011,2,True,125000000,0.729463375,0.000445666,0.594414792,0.0,1.324417708,210.29086369035042,/Users/mmarss/study/science/ImageRegistration3D/UIR/runs/openmp_benchmark/raw/transform_only/openmp/threads_2/repeat_3/timing.json
openmp,transform_only,4,1,True,202011,4,True,125000000,0.732550667,0.000449542,0.5407,0.0,1.273793917,231.18180136859627,/Users/mmarss/study/science/ImageRegistration3D/UIR/runs/openmp_benchmark/raw/transform_only/openmp/threads_4/repeat_1/timing.json
openmp,transform_only,4,2,True,202011,4,True,125000000,0.771530084,0.000528792,0.438955959,0.0,1.211145458,284.76660912581434,/Users/mmarss/study/science/ImageRegistration3D/UIR/runs/openmp_benchmark/raw/transform_only/openmp/threads_4/repeat_2/timing.json
openmp,transform_only,4,3,True,202011,4,True,125000000,0.741604042,0.000411375,0.401371,0.0,1.14348625,311.4325648838606,/Users/mmarss/study/science/ImageRegistration3D/UIR/runs/openmp_benchmark/raw/transform_only/openmp/threads_4/repeat_3/timing.json
openmp,transform_only,6,1,True,202011,6,True,125000000,0.725154333,0.000435416,0.315728084,0.0,1.041419584,395.91029855931345,/Users/mmarss/study/science/ImageRegistration3D/UIR/runs/openmp_benchmark/raw/transform_only/openmp/threads_6/repeat_1/timing.json
openmp,transform_only,6,2,True,202011,6,True,125000000,0.739748083,0.00047175,0.334164791,0.0,1.074478875,374.0669375308304,/Users/mmarss/study/science/ImageRegistration3D/UIR/runs/openmp_benchmark/raw/transform_only/openmp/threads_6/repeat_2/timing.json
openmp,transform_only,6,3,True,202011,6,True,125000000,0.738354042,0.001251375,0.315295875,0.0,1.054998042,396.4530141727988,/Users/mmarss/study/science/ImageRegistration3D/UIR/runs/openmp_benchmark/raw/transform_only/openmp/threads_6/repeat_3/timing.json
openmp,transform_only,8,1,True,202011,8,True,125000000,0.735364041,0.000930708,0.298800458,0.0,1.035193958,418.3393855440476,/Users/mmarss/study/science/ImageRegistration3D/UIR/runs/openmp_benchmark/raw/transform_only/openmp/threads_8/repeat_1/timing.json
openmp,transform_only,8,2,True,202011,8,True,125000000,0.740667208,0.00060925,0.285880875,0.0,1.027260209,437.2450588029018,/Users/mmarss/study/science/ImageRegistration3D/UIR/runs/openmp_benchmark/raw/transform_only/openmp/threads_8/repeat_2/timing.json
openmp,transform_only,8,3,True,202011,8,True,125000000,0.732840958,0.001106125,0.30107125,0.0,1.035114125,415.18411339508503,/Users/mmarss/study/science/ImageRegistration3D/UIR/runs/openmp_benchmark/raw/transform_only/openmp/threads_8/repeat_3/timing.json
openmp,transform_only,12,1,True,202011,12,True,125000000,0.740115292,0.001194917,0.227356583,0.0,0.968767167,549.7971439868095,/Users/mmarss/study/science/ImageRegistration3D/UIR/runs/openmp_benchmark/raw/transform_only/openmp/threads_12/repeat_1/timing.json
openmp,transform_only,12,2,True,202011,12,True,125000000,0.744395708,0.000393334,0.229016167,0.0,0.973908834,545.8129949402219,/Users/mmarss/study/science/ImageRegistration3D/UIR/runs/openmp_benchmark/raw/transform_only/openmp/threads_12/repeat_2/timing.json
openmp,transform_only,12,3,True,202011,12,True,125000000,0.753701583,0.000927709,0.232229541,0.0,0.986959291,538.2605479980689,/Users/mmarss/study/science/ImageRegistration3D/UIR/runs/openmp_benchmark/raw/transform_only/openmp/threads_12/repeat_3/timing.json
no_openmp,full_pipeline,1,1,False,,1,False,125000000,0.730002667,0.000436625,1.095759166,1.745866792,3.572181542,114.0761618780746,/Users/mmarss/study/science/ImageRegistration3D/UIR/runs/openmp_benchmark/raw/full_pipeline/no_openmp/threads_1/repeat_1/timing.json
openmp,full_pipeline,1,1,True,202011,1,False,125000000,0.776509417,0.000424833,1.093111334,1.722814416,3.593005917,114.35248735605919,/Users/mmarss/study/science/ImageRegistration3D/UIR/runs/openmp_benchmark/raw/full_pipeline/openmp/threads_1/repeat_1/timing.json
openmp,full_pipeline,6,1,True,202011,6,False,125000000,0.768988209,0.000430542,0.324979625,1.694528917,2.78906225,384.63949855317856,/Users/mmarss/study/science/ImageRegistration3D/UIR/runs/openmp_benchmark/raw/full_pipeline/openmp/threads_6/repeat_1/timing.json
openmp,full_pipeline,12,1,True,202011,12,False,125000000,0.74256725,0.000392542,0.234998042,1.724089917,2.702167667,531.9193255235718,/Users/mmarss/study/science/ImageRegistration3D/UIR/runs/openmp_benchmark/raw/full_pipeline/openmp/threads_12/repeat_1/timing.json
