transform_id,transform_tag,roi_size,roi_size_xyz,degradation,blur_sigma_xy,awgn_variance,awgn_seed,match_count,linear_rms_error,linear_mean_abs_error,linear_max_abs_error,translation_l2_error_voxels,translation_mean_abs_error_voxels,translation_max_abs_error_voxels,max_abs_transform_element_error,max_abs_transform_element_component,linear_det_abs_error,noise_std,expected_noise_std,run_dir
T1,centered_affine_rz12_rym6_rx4_sx1p06_sy0p95_sz1p03_shxy0p0025_shyzm0p0015_tx8_tym6_tz5,64,64x64x64,awgn,0.0,25.0,42,10,0.06143746779720184,0.05504449197366666,0.08410436107599999,6.997097631848059,3.931600677177979,4.808283976211984,4.808283976211984,ty,0.0008686099667477576,5.015030860900879,5.0,/Users/mmarss/study/science/ImageRegistration3D/UIR/runs/centered_affine_rz12_rym6_rx4_sx1p06_sy0p95_sz1p03_shxy0p0025_shyzm0p0015_tx8_tym6_tz5/roi64_awgn_var0025
T1,centered_affine_rz12_rym6_rx4_sx1p06_sy0p95_sz1p03_shxy0p0025_shyzm0p0015_tx8_tym6_tz5,64,64x64x64,awgn,0.0,25.0,42,10,0.06143746779720184,0.05504449197366666,0.08410436107599999,6.997097631848059,3.931600677177979,4.808283976211984,4.808283976211984,ty,0.0008686099667477576,5.015030860900879,5.0,UIR/runs/centered_affine_rz12_rym6_rx4_sx1p06_sy0p95_sz1p03_shxy0p0025_shyzm0p0015_tx8_tym6_tz5/roi64_var0025
T1,centered_affine_rz12_rym6_rx4_sx1p06_sy0p95_sz1p03_shxy0p0025_shyzm0p0015_tx8_tym6_tz5,64,64x64x64,awgn,0.0,26.0,42,10,0.06143746779720184,0.05504449197366666,0.08410436107599999,6.997097631848059,3.931600677177979,4.808283976211984,4.808283976211984,ty,0.0008686099667477576,5.113666534423828,5.0990195135927845,/Users/mmarss/study/science/ImageRegistration3D/UIR/runs/centered_affine_rz12_rym6_rx4_sx1p06_sy0p95_sz1p03_shxy0p0025_shyzm0p0015_tx8_tym6_tz5/roi64_var0026
T1,centered_affine_rz12_rym6_rx4_sx1p06_sy0p95_sz1p03_shxy0p0025_shyzm0p0015_tx8_tym6_tz5,64,64x64x64,awgn,0.0,27.0,42,11,0.03672380216898147,0.026571755771888885,0.07949733412100002,3.869076290536522,2.0550063438446458,2.8288268417829627,2.8288268417829627,tx,0.08261324274135395,5.21023416519165,5.196152422706632,/Users/mmarss/study/science/ImageRegistration3D/UIR/runs/centered_affine_rz12_rym6_rx4_sx1p06_sy0p95_sz1p03_shxy0p0025_shyzm0p0015_tx8_tym6_tz5/roi64_var0027
T1,centered_affine_rz12_rym6_rx4_sx1p06_sy0p95_sz1p03_shxy0p0025_shyzm0p0015_tx8_tym6_tz5,64,64x64x64,blur_awgn,1.0,25.0,42,6,0.4360565387779925,0.37626098405522224,0.690862799825,40.295549852800875,23.031962026369992,26.640631023788018,26.640631023788018,ty,0.14926947592966666,5.01501989364624,5.0,/Users/mmarss/study/science/ImageRegistration3D/UIR/runs/centered_affine_rz12_rym6_rx4_sx1p06_sy0p95_sz1p03_shxy0p0025_shyzm0p0015_tx8_tym6_tz5/roi64_blur1_awgn_var0025
T1,centered_affine_rz12_rym6_rx4_sx1p06_sy0p95_sz1p03_shxy0p0025_shyzm0p0015_tx8_tym6_tz5,128,128x128x128,blur_awgn,1.0,25.0,42,147,0.0027170923302298907,0.0019541574016666624,0.005773128238999892,0.47662942073781533,0.2505872128239896,0.35752245926101445,0.35752245926101445,tz,0.00021121170536098077,5.007657051086426,5.0,/Users/mmarss/study/science/ImageRegistration3D/UIR/runs/centered_affine_rz12_rym6_rx4_sx1p06_sy0p95_sz1p03_shxy0p0025_shyzm0p0015_tx8_tym6_tz5/roi128_blur1_awgn_var0025
T1,centered_affine_rz12_rym6_rx4_sx1p06_sy0p95_sz1p03_shxy0p0025_shyzm0p0015_tx8_tym6_tz5,250,250x250x250,awgn,0.0,5.0,42,1549,0.0005304885163932131,0.0004656477674444579,0.0008683341210000695,0.13912151088303018,0.07985952597834611,0.08831750532302607,0.08831750532302607,tx,0.00031585474178241757,2.2542271614074707,2.23606797749979,/Users/mmarss/study/science/ImageRegistration3D/UIR/runs/centered_affine_rz12_rym6_rx4_sx1p06_sy0p95_sz1p03_shxy0p0025_shyzm0p0015_tx8_tym6_tz5/roi250_var0005
T1,centered_affine_rz12_rym6_rx4_sx1p06_sy0p95_sz1p03_shxy0p0025_shyzm0p0015_tx8_tym6_tz5,250,250x250x250,awgn,0.0,10.0,42,1504,0.0005690268057083162,0.00052436603255556,0.0008199867050000115,0.19337572290640492,0.11134185931168024,0.12150369571400788,0.12150369571400788,tz,0.0006524489311166004,3.1749143600463867,3.1622776601683795,/Users/mmarss/study/science/ImageRegistration3D/UIR/runs/centered_affine_rz12_rym6_rx4_sx1p06_sy0p95_sz1p03_shxy0p0025_shyzm0p0015_tx8_tym6_tz5/roi250_var0010
T1,centered_affine_rz12_rym6_rx4_sx1p06_sy0p95_sz1p03_shxy0p0025_shyzm0p0015_tx8_tym6_tz5,250,250x250x250,awgn,0.0,15.0,42,1431,0.0008225557382970993,0.0006921438103333282,0.0016161282389999254,0.12395874161521978,0.07039719264501205,0.0856615053230243,0.0856615053230243,tx,0.0009882297438431609,3.8830692768096924,3.872983346207417,/Users/mmarss/study/science/ImageRegistration3D/UIR/runs/centered_affine_rz12_rym6_rx4_sx1p06_sy0p95_sz1p03_shxy0p0025_shyzm0p0015_tx8_tym6_tz5/roi250_var0015
T1,centered_affine_rz12_rym6_rx4_sx1p06_sy0p95_sz1p03_shxy0p0025_shyzm0p0015_tx8_tym6_tz5,250,250x250x250,awgn,0.0,20.0,42,1412,0.0006164562564195572,0.0005193453061111054,0.0012111282389999367,0.12814003413142838,0.05527460804634169,0.12297350532302431,0.12297350532302431,tx,0.0009458451504857912,4.4807233810424805,4.47213595499958,/Users/mmarss/study/science/ImageRegistration3D/UIR/runs/centered_affine_rz12_rym6_rx4_sx1p06_sy0p95_sz1p03_shxy0p0025_shyzm0p0015_tx8_tym6_tz5/roi250_var0020
T1,centered_affine_rz12_rym6_rx4_sx1p06_sy0p95_sz1p03_shxy0p0025_shyzm0p0015_tx8_tym6_tz5,250,250x250x250,awgn,0.0,25.0,42,1388,0.0005208488041415938,0.0004737302378888962,0.0007319867050000067,0.16881606839482746,0.08942319264501346,0.14419650532302342,0.14419650532302342,tx,0.0005797557274641596,5.007569313049316,5.0,UIR/runs/centered_affine_rz12_rym6_rx4_sx1p06_sy0p95_sz1p03_shxy0p0025_shyzm0p0015_tx8_tym6_tz5/roi250_var0025
T1,centered_affine_rz12_rym6_rx4_sx1p06_sy0p95_sz1p03_shxy0p0025_shyzm0p0015_tx8_tym6_tz5,250,250x250x250,awgn,0.0,30.0,42,1365,0.0006005513757102514,0.0005206910121111075,0.001198128238999896,0.18313574966608237,0.0781096080463423,0.17635150532302646,0.17635150532302646,tx,0.0008809563143895582,5.483808994293213,5.477225575051661,/Users/mmarss/study/science/ImageRegistration3D/UIR/runs/centered_affine_rz12_rym6_rx4_sx1p06_sy0p95_sz1p03_shxy0p0025_shyzm0p0015_tx8_tym6_tz5/roi250_var0030
T1,centered_affine_rz12_rym6_rx4_sx1p06_sy0p95_sz1p03_shxy0p0025_shyzm0p0015_tx8_tym6_tz5,250,250x250x250,awgn,0.0,35.0,42,1348,0.0006202880374535197,0.0005761746823333367,0.0010921282389999565,0.16786443375292115,0.0663625259783475,0.1655525053230278,0.1655525053230278,tx,0.001221640235879673,5.92206335067749,5.916079783099616,/Users/mmarss/study/science/ImageRegistration3D/UIR/runs/centered_affine_rz12_rym6_rx4_sx1p06_sy0p95_sz1p03_shxy0p0025_shyzm0p0015_tx8_tym6_tz5/roi250_var0035
T1,centered_affine_rz12_rym6_rx4_sx1p06_sy0p95_sz1p03_shxy0p0025_shyzm0p0015_tx8_tym6_tz5,250,250x250x250,awgn,0.0,40.0,42,1340,0.0007004593128273711,0.000600477143666667,0.0013891282389999482,0.26110154918387174,0.13869460804634196,0.21366050532302694,0.21366050532302694,tx,0.001995086756658493,6.330123424530029,6.324555320336759,/Users/mmarss/study/science/ImageRegistration3D/UIR/runs/centered_affine_rz12_rym6_rx4_sx1p06_sy0p95_sz1p03_shxy0p0025_shyzm0p0015_tx8_tym6_tz5/roi250_var0040
T1,centered_affine_rz12_rym6_rx4_sx1p06_sy0p95_sz1p03_shxy0p0025_shyzm0p0015_tx8_tym6_tz5,250,250x250x250,awgn,0.0,45.0,42,1315,0.0005719213508362868,0.0004309524601111127,0.001258128239000067,0.1893773854583783,0.08132847757033564,0.17780150532302486,0.17780150532302486,tx,0.001213110439772569,6.713330268859863,6.708203932499369,/Users/mmarss/study/science/ImageRegistration3D/UIR/runs/centered_affine_rz12_rym6_rx4_sx1p06_sy0p95_sz1p03_shxy0p0025_shyzm0p0015_tx8_tym6_tz5/roi250_var0045
T1,centered_affine_rz12_rym6_rx4_sx1p06_sy0p95_sz1p03_shxy0p0025_shyzm0p0015_tx8_tym6_tz5,250,250x250x250,awgn,0.0,50.0,42,1299,0.0006340713951042874,0.000519921588111111,0.0011131282390000052,0.18762633767826872,0.08234619264501337,0.1809705053230246,0.1809705053230246,tx,0.0016151590976404284,7.075725078582764,7.0710678118654755,/Users/mmarss/study/science/ImageRegistration3D/UIR/runs/centered_affine_rz12_rym6_rx4_sx1p06_sy0p95_sz1p03_shxy0p0025_shyzm0p0015_tx8_tym6_tz5/roi250_var0050
T1,centered_affine_rz12_rym6_rx4_sx1p06_sy0p95_sz1p03_shxy0p0025_shyzm0p0015_tx8_tym6_tz5,250,250x250x250,awgn,0.0,100.0,42,1174,0.0007722231756745054,0.0006192495927777659,0.0016371282389999742,0.16350196382747342,0.0814302747130095,0.14808150532302733,0.14808150532302733,tx,0.002089584389823318,10.002392768859863,10.0,/Users/mmarss/study/science/ImageRegistration3D/UIR/runs/centered_affine_rz12_rym6_rx4_sx1p06_sy0p95_sz1p03_shxy0p0025_shyzm0p0015_tx8_tym6_tz5/roi250_var0100
T1,centered_affine_rz12_rym6_rx4_sx1p06_sy0p95_sz1p03_shxy0p0025_shyzm0p0015_tx8_tym6_tz5,250,250x250x250,awgn,0.0,300.0,42,975,0.001136588594055784,0.0009258710436666623,0.001894732193000001,0.26413831286813366,0.14063872883567421,0.22350150532302138,0.22350150532302138,tx,0.0015642376046225426,17.315263748168945,17.320508075688775,/Users/mmarss/study/science/ImageRegistration3D/UIR/runs/centered_affine_rz12_rym6_rx4_sx1p06_sy0p95_sz1p03_shxy0p0025_shyzm0p0015_tx8_tym6_tz5/roi250_var0300
T1,centered_affine_rz12_rym6_rx4_sx1p06_sy0p95_sz1p03_shxy0p0025_shyzm0p0015_tx8_tym6_tz5,250,250x250x250,blur_awgn,0.5,5.0,42,1479,0.0005451972759455108,0.00045806357122223546,0.00087812823900002,0.12837914164154948,0.06845919264501295,0.10776869571400738,0.10776869571400738,tz,0.000877409262577733,2.2542243003845215,2.23606797749979,/Users/mmarss/study/science/ImageRegistration3D/UIR/runs/centered_affine_rz12_rym6_rx4_sx1p06_sy0p95_sz1p03_shxy0p0025_shyzm0p0015_tx8_tym6_tz5/roi250_blur0p5_awgn_var0005
T1,centered_affine_rz12_rym6_rx4_sx1p06_sy0p95_sz1p03_shxy0p0025_shyzm0p0015_tx8_tym6_tz5,250,250x250x250,blur_awgn,0.5,25.0,42,1329,0.0004797870294823442,0.0004016993658888894,0.001062128238999982,0.11639563413271287,0.057334192645013125,0.08257569571400936,0.08257569571400936,tz,0.0009191607485689035,5.007561683654785,5.0,/Users/mmarss/study/science/ImageRegistration3D/UIR/runs/centered_affine_rz12_rym6_rx4_sx1p06_sy0p95_sz1p03_shxy0p0025_shyzm0p0015_tx8_tym6_tz5/roi250_blur0p5_awgn_var0025
T1,centered_affine_rz12_rym6_rx4_sx1p06_sy0p95_sz1p03_shxy0p0025_shyzm0p0015_tx8_tym6_tz5,250,250x250x250,blur_awgn,0.5,30.0,42,1298,0.0005130716140158604,0.00045517468233334833,0.0008311282390001118,0.13942296770588136,0.06651185931168158,0.12941150532302714,0.12941150532302714,tx,0.0016263778883323088,5.483801364898682,5.477225575051661,/Users/mmarss/study/science/ImageRegistration3D/UIR/runs/centered_affine_rz12_rym6_rx4_sx1p06_sy0p95_sz1p03_shxy0p0025_shyzm0p0015_tx8_tym6_tz5/roi250_blur0p5_awgn_var0030
T1,centered_affine_rz12_rym6_rx4_sx1p06_sy0p95_sz1p03_shxy0p0025_shyzm0p0015_tx8_tym6_tz5,250,250x250x250,blur_awgn,0.5,35.0,42,1286,0.0006842067505782224,0.0005732857934444357,0.001146128238999955,0.1480584882513885,0.08360694137967546,0.10672462310199293,0.10672462310199293,ty,0.001487555787091921,5.922056674957275,5.916079783099616,/Users/mmarss/study/science/ImageRegistration3D/UIR/runs/centered_affine_rz12_rym6_rx4_sx1p06_sy0p95_sz1p03_shxy0p0025_shyzm0p0015_tx8_tym6_tz5/roi250_blur0p5_awgn_var0035
T1,centered_affine_rz12_rym6_rx4_sx1p06_sy0p95_sz1p03_shxy0p0025_shyzm0p0015_tx8_tym6_tz5,250,250x250x250,blur_awgn,0.5,40.0,42,1277,0.0006910140016156298,0.0005948413490000097,0.0014281282390000705,0.17763994744286485,0.07453085931168128,0.16943950532302665,0.16943950532302665,tx,0.0020321453015840207,6.330115795135498,6.324555320336759,/Users/mmarss/study/science/ImageRegistration3D/UIR/runs/centered_affine_rz12_rym6_rx4_sx1p06_sy0p95_sz1p03_shxy0p0025_shyzm0p0015_tx8_tym6_tz5/roi250_blur0p5_awgn_var0040
T1,centered_affine_rz12_rym6_rx4_sx1p06_sy0p95_sz1p03_shxy0p0025_shyzm0p0015_tx8_tym6_tz5,250,250x250x250,blur_awgn,0.5,45.0,42,1258,0.0008506206607371111,0.000686841349000003,0.0019711282390000306,0.18531694195347373,0.08304294137967598,0.17764050532302633,0.17764050532302633,tx,0.0023736177955258064,6.713321685791016,6.708203932499369,/Users/mmarss/study/science/ImageRegistration3D/UIR/runs/centered_affine_rz12_rym6_rx4_sx1p06_sy0p95_sz1p03_shxy0p0025_shyzm0p0015_tx8_tym6_tz5/roi250_blur0p5_awgn_var0045
T1,centered_affine_rz12_rym6_rx4_sx1p06_sy0p95_sz1p03_shxy0p0025_shyzm0p0015_tx8_tym6_tz5,250,250x250x250,blur_awgn,0.5,50.0,42,1221,0.0009408119297472889,0.000738285793444448,0.002266128238999965,0.19711502981764514,0.08849094137967366,0.18805250532302153,0.18805250532302153,tx,0.002225489062884889,7.075716018676758,7.0710678118654755,/Users/mmarss/study/science/ImageRegistration3D/UIR/runs/centered_affine_rz12_rym6_rx4_sx1p06_sy0p95_sz1p03_shxy0p0025_shyzm0p0015_tx8_tym6_tz5/roi250_blur0p5_awgn_var0050
T1,centered_affine_rz12_rym6_rx4_sx1p06_sy0p95_sz1p03_shxy0p0025_shyzm0p0015_tx8_tym6_tz5,250,250x250x250,blur_awgn,0.5,100.0,42,1134,0.0008292056525464742,0.0006430273705555443,0.0018371282389999521,0.30895543657609653,0.14917794137967513,0.2864085053230241,0.2864085053230241,tx,0.00315648575781724,10.002388000488281,10.0,/Users/mmarss/study/science/ImageRegistration3D/UIR/runs/centered_affine_rz12_rym6_rx4_sx1p06_sy0p95_sz1p03_shxy0p0025_shyzm0p0015_tx8_tym6_tz5/roi250_blur0p5_awgn_var0100
T1,centered_affine_rz12_rym6_rx4_sx1p06_sy0p95_sz1p03_shxy0p0025_shyzm0p0015_tx8_tym6_tz5,250,250x250x250,blur_awgn,0.5,300.0,42,935,0.0008582086864239097,0.0006761936729999853,0.0015977321929999955,0.2183019027818043,0.12525047757033647,0.14468962310199274,0.14468962310199274,ty,0.0019533562938309768,17.315736770629883,17.320508075688775,/Users/mmarss/study/science/ImageRegistration3D/UIR/runs/centered_affine_rz12_rym6_rx4_sx1p06_sy0p95_sz1p03_shxy0p0025_shyzm0p0015_tx8_tym6_tz5/roi250_blur0p5_awgn_var0300
T1,centered_affine_rz12_rym6_rx4_sx1p06_sy0p95_sz1p03_shxy0p0025_shyzm0p0015_tx8_tym6_tz5,250,250x250x250,blur_awgn,1.0,5.0,42,1154,0.0006532027403468549,0.0005532033230000147,0.00119012823900011,0.19392867599813365,0.07531619264501425,0.1919536957140089,0.1919536957140089,tz,0.0007701279232371627,2.2542262077331543,2.23606797749979,/Users/mmarss/study/science/ImageRegistration3D/UIR/runs/centered_affine_rz12_rym6_rx4_sx1p06_sy0p95_sz1p03_shxy0p0025_shyzm0p0015_tx8_tym6_tz5/roi250_blur1_awgn_var0005
T1,centered_affine_rz12_rym6_rx4_sx1p06_sy0p95_sz1p03_shxy0p0025_shyzm0p0015_tx8_tym6_tz5,250,250x250x250,blur_awgn,1.0,25.0,42,1072,0.0007714367893276823,0.0007083161027777976,0.00115012823900007,0.20156809539337206,0.10895860804634339,0.14125950532302767,0.14125950532302767,tx,0.0009761573242053068,5.007566928863525,5.0,/Users/mmarss/study/science/ImageRegistration3D/UIR/runs/centered_affine_rz12_rym6_rx4_sx1p06_sy0p95_sz1p03_shxy0p0025_shyzm0p0015_tx8_tym6_tz5/roi250_blur1_awgn_var0025
T1,centered_affine_rz12_rym6_rx4_sx1p06_sy0p95_sz1p03_shxy0p0025_shyzm0p0015_tx8_tym6_tz5,250,250x250x250,blur_awgn,1.0,30.0,42,1049,0.0008142940119804714,0.0007377605472222175,0.001314128238999901,0.2443563415623768,0.12327460804634072,0.18573550532302363,0.18573550532302363,tx,0.0018273031001279083,5.483806610107422,5.477225575051661,/Users/mmarss/study/science/ImageRegistration3D/UIR/runs/centered_affine_rz12_rym6_rx4_sx1p06_sy0p95_sz1p03_shxy0p0025_shyzm0p0015_tx8_tym6_tz5/roi250_blur1_awgn_var0030
T1,centered_affine_rz12_rym6_rx4_sx1p06_sy0p95_sz1p03_shxy0p0025_shyzm0p0015_tx8_tym6_tz5,250,250x250x250,blur_awgn,1.0,35.0,42,1058,0.0006781135376566769,0.0005827183565555511,0.0011791282389999047,0.1389157558555075,0.075462274713009,0.09972469571400921,0.09972469571400921,tz,0.001585669719973204,5.922060966491699,5.916079783099616,/Users/mmarss/study/science/ImageRegistration3D/UIR/runs/centered_affine_rz12_rym6_rx4_sx1p06_sy0p95_sz1p03_shxy0p0025_shyzm0p0015_tx8_tym6_tz5/roi250_blur1_awgn_var0035
T1,centered_affine_rz12_rym6_rx4_sx1p06_sy0p95_sz1p03_shxy0p0025_shyzm0p0015_tx8_tym6_tz5,250,250x250x250,blur_awgn,1.0,40.0,42,1035,0.000955454786400989,0.0007149215881111057,0.002426128238999903,0.2763829128408124,0.15268760804634005,0.21004762310199254,0.21004762310199254,ty,0.002244563977091163,6.330121040344238,6.324555320336759,/Users/mmarss/study/science/ImageRegistration3D/UIR/runs/centered_affine_rz12_rym6_rx4_sx1p06_sy0p95_sz1p03_shxy0p0025_shyzm0p0015_tx8_tym6_tz5/roi250_blur1_awgn_var0040
T1,centered_affine_rz12_rym6_rx4_sx1p06_sy0p95_sz1p03_shxy0p0025_shyzm0p0015_tx8_tym6_tz5,250,250x250x250,blur_awgn,1.0,45.0,42,1031,0.0008766526371415764,0.0007652127307777821,0.0016851282390000222,0.24746555031710768,0.12464294137967376,0.1896246957140093,0.1896246957140093,tz,0.0020403058498145166,6.713329315185547,6.708203932499369,/Users/mmarss/study/science/ImageRegistration3D/UIR/runs/centered_affine_rz12_rym6_rx4_sx1p06_sy0p95_sz1p03_shxy0p0025_shyzm0p0015_tx8_tym6_tz5/roi250_blur1_awgn_var0045
T1,centered_affine_rz12_rym6_rx4_sx1p06_sy0p95_sz1p03_shxy0p0025_shyzm0p0015_tx8_tym6_tz5,250,250x250x250,blur_awgn,1.0,50.0,42,1036,0.0007237383698941265,0.0005761438103333155,0.0012595375919999263,0.1921730281497817,0.10728760804634163,0.14380969571400826,0.14380969571400826,tz,0.002420346153318653,7.075724124908447,7.0710678118654755,/Users/mmarss/study/science/ImageRegistration3D/UIR/runs/centered_affine_rz12_rym6_rx4_sx1p06_sy0p95_sz1p03_shxy0p0025_shyzm0p0015_tx8_tym6_tz5/roi250_blur1_awgn_var0050
T1,centered_affine_rz12_rym6_rx4_sx1p06_sy0p95_sz1p03_shxy0p0025_shyzm0p0015_tx8_tym6_tz5,250,250x250x250,blur_awgn,1.0,100.0,42,975,0.0007856812519806995,0.0006880695612222333,0.00143653759200002,0.3448367001680485,0.1832425259783458,0.2656145053230219,0.2656145053230219,tx,0.0029641445199990457,10.002420425415039,10.0,/Users/mmarss/study/science/ImageRegistration3D/UIR/runs/centered_affine_rz12_rym6_rx4_sx1p06_sy0p95_sz1p03_shxy0p0025_shyzm0p0015_tx8_tym6_tz5/roi250_blur1_awgn_var0100
T1,centered_affine_rz12_rym6_rx4_sx1p06_sy0p95_sz1p03_shxy0p0025_shyzm0p0015_tx8_tym6_tz5,250,250x250x250,blur_awgn,1.0,300.0,42,846,0.0008773674341637116,0.0007328282812222093,0.0016001282389999094,0.36974219993432356,0.16522614423700333,0.3388606231019935,0.3388606231019935,ty,0.0027475886109423753,17.31700325012207,17.320508075688775,/Users/mmarss/study/science/ImageRegistration3D/UIR/runs/centered_affine_rz12_rym6_rx4_sx1p06_sy0p95_sz1p03_shxy0p0025_shyzm0p0015_tx8_tym6_tz5/roi250_blur1_awgn_var0300
T1,centered_affine_rz12_rym6_rx4_sx1p06_sy0p95_sz1p03_shxy0p0025_shyzm0p0015_tx8_tym6_tz5,250,250x250x250,blur_awgn,2.0,25.0,42,496,0.001655604490652135,0.001454458085888885,0.0030113341210000755,0.265839372791699,0.11299214068831986,0.25981162310199224,0.25981162310199224,ty,0.0006365532014326325,5.007568836212158,5.0,/Users/mmarss/study/science/ImageRegistration3D/UIR/runs/centered_affine_rz12_rym6_rx4_sx1p06_sy0p95_sz1p03_shxy0p0025_shyzm0p0015_tx8_tym6_tz5/roi250_blur2_awgn_var0025
T1,centered_affine_rz12_rym6_rx4_sx1p06_sy0p95_sz1p03_shxy0p0025_shyzm0p0015_tx8_tym6_tz5,250,250x250x250,blur_awgn,2.0,30.0,42,489,0.0014414390086426878,0.001165850931888883,0.0024065375919999354,0.21529050884208734,0.07667252597834444,0.21485469571400628,0.21485469571400628,tz,0.002125393765386896,5.483808994293213,5.477225575051661,/Users/mmarss/study/science/ImageRegistration3D/UIR/runs/centered_affine_rz12_rym6_rx4_sx1p06_sy0p95_sz1p03_shxy0p0025_shyzm0p0015_tx8_tym6_tz5/roi250_blur2_awgn_var0030
T1,centered_affine_rz12_rym6_rx4_sx1p06_sy0p95_sz1p03_shxy0p0025_shyzm0p0015_tx8_tym6_tz5,250,250x250x250,blur_awgn,2.0,35.0,42,483,0.0016443837034168206,0.001518458085888889,0.0028377753159999908,0.3192680567140802,0.17448581090366844,0.25739662310199307,0.25739662310199307,ty,0.0019919563771045867,5.922065258026123,5.916079783099616,/Users/mmarss/study/science/ImageRegistration3D/UIR/runs/centered_affine_rz12_rym6_rx4_sx1p06_sy0p95_sz1p03_shxy0p0025_shyzm0p0015_tx8_tym6_tz5/roi250_blur2_awgn_var0035
T1,centered_affine_rz12_rym6_rx4_sx1p06_sy0p95_sz1p03_shxy0p0025_shyzm0p0015_tx8_tym6_tz5,250,250x250x250,blur_awgn,2.0,40.0,42,484,0.0017573487939448534,0.0016504979023333154,0.002867799824999989,0.15816046436774095,0.08478372883567431,0.11967750532302546,0.11967750532302546,tx,0.005347861320755709,6.330124855041504,6.324555320336759,/Users/mmarss/study/science/ImageRegistration3D/UIR/runs/centered_affine_rz12_rym6_rx4_sx1p06_sy0p95_sz1p03_shxy0p0025_shyzm0p0015_tx8_tym6_tz5/roi250_blur2_awgn_var0040
T1,centered_affine_rz12_rym6_rx4_sx1p06_sy0p95_sz1p03_shxy0p0025_shyzm0p0015_tx8_tym6_tz5,250,250x250x250,blur_awgn,2.0,45.0,42,482,0.0016345481954040324,0.0013412756801110938,0.00342379982499999,0.1808418524163385,0.08010219264501235,0.17330437689800604,0.17330437689800604,ty,0.003655845655838763,6.7133331298828125,6.708203932499369,/Users/mmarss/study/science/ImageRegistration3D/UIR/runs/centered_affine_rz12_rym6_rx4_sx1p06_sy0p95_sz1p03_shxy0p0025_shyzm0p0015_tx8_tym6_tz5/roi250_blur2_awgn_var0045
T1,centered_affine_rz12_rym6_rx4_sx1p06_sy0p95_sz1p03_shxy0p0025_shyzm0p0015_tx8_tym6_tz5,250,250x250x250,blur_awgn,2.0,50.0,42,481,0.0018171442008007481,0.0015653867912222255,0.0030041282390000923,0.34086731115091834,0.17164880735498636,0.29432062310199214,0.29432062310199214,ty,0.004907312957104115,7.0757293701171875,7.0710678118654755,/Users/mmarss/study/science/ImageRegistration3D/UIR/runs/centered_affine_rz12_rym6_rx4_sx1p06_sy0p95_sz1p03_shxy0p0025_shyzm0p0015_tx8_tym6_tz5/roi250_blur2_awgn_var0050
T1,centered_affine_rz12_rym6_rx4_sx1p06_sy0p95_sz1p03_shxy0p0025_shyzm0p0015_tx8_tym6_tz5,250,250x250x250,blur_awgn,2.0,100.0,42,490,0.0014813430709672952,0.0012017521829999983,0.0029066389240000046,0.33737994573639185,0.16110839195365756,0.31284130428599255,0.31284130428599255,tz,0.001937469598652597,10.002435684204102,10.0,/Users/mmarss/study/science/ImageRegistration3D/UIR/runs/centered_affine_rz12_rym6_rx4_sx1p06_sy0p95_sz1p03_shxy0p0025_shyzm0p0015_tx8_tym6_tz5/roi250_blur2_awgn_var0100
T1,centered_affine_rz12_rym6_rx4_sx1p06_sy0p95_sz1p03_shxy0p0025_shyzm0p0015_tx8_tym6_tz5,250,250x250x250,blur_awgn,2.0,300.0,42,478,0.0016735325278411433,0.0013800630087777664,0.002615775315999991,0.5590808474808316,0.21186752597834632,0.5559946957140092,0.5559946957140092,tz,0.004488617695748598,17.31863784790039,17.320508075688775,/Users/mmarss/study/science/ImageRegistration3D/UIR/runs/centered_affine_rz12_rym6_rx4_sx1p06_sy0p95_sz1p03_shxy0p0025_shyzm0p0015_tx8_tym6_tz5/roi250_blur2_awgn_var0300
T1,centered_affine_rz12_rym6_rx4_sx1p06_sy0p95_sz1p03_shxy0p0025_shyzm0p0015_tx8_tym6_tz5,500,500x500x500,awgn,0.0,5.0,42,11743,6.597079440805402e-05,5.806709300000854e-05,0.00010098670500000018,0.04353676842005398,0.024450757896663806,0.030507494910999355,0.030507494910999355,tz,0.00014391855467532633,2.188603162765503,2.23606797749979,/Users/mmarss/study/science/ImageRegistration3D/UIR/runs/centered_affine_rz12_rym6_rx4_sx1p06_sy0p95_sz1p03_shxy0p0025_shyzm0p0015_tx8_tym6_tz5/roi500_var0005
T1,centered_affine_rz12_rym6_rx4_sx1p06_sy0p95_sz1p03_shxy0p0025_shyzm0p0015_tx8_tym6_tz5,500,500x500x500,awgn,0.0,10.0,42,11345,6.330232612494569e-05,4.903859544445888e-05,0.00014477531599998983,0.05604324707902051,0.029143298278666425,0.044658589351996625,0.044658589351996625,ty,7.274281830593754e-05,3.0823919773101807,3.1622776601683795,/Users/mmarss/study/science/ImageRegistration3D/UIR/runs/centered_affine_rz12_rym6_rx4_sx1p06_sy0p95_sz1p03_shxy0p0025_shyzm0p0015_tx8_tym6_tz5/roi500_var0010
T1,centered_affine_rz12_rym6_rx4_sx1p06_sy0p95_sz1p03_shxy0p0025_shyzm0p0015_tx8_tym6_tz5,500,500x500x500,awgn,0.0,15.0,42,11156,8.4547783771123e-05,6.573375966669059e-05,0.00014977531599999483,0.05454351586537597,0.02950475789666503,0.0380145893519952,0.0380145893519952,ty,0.00011975369200800667,3.7698934078216553,3.872983346207417,/Users/mmarss/study/science/ImageRegistration3D/UIR/runs/centered_affine_rz12_rym6_rx4_sx1p06_sy0p95_sz1p03_shxy0p0025_shyzm0p0015_tx8_tym6_tz5/roi500_var0015
T1,centered_affine_rz12_rym6_rx4_sx1p06_sy0p95_sz1p03_shxy0p0025_shyzm0p0015_tx8_tym6_tz5,500,500x500x500,awgn,0.0,20.0,42,10945,6.944939932822797e-05,5.318115855556157e-05,0.00016077531599999195,0.05234946638930425,0.027908091229996046,0.04060258935199812,0.04060258935199812,ty,7.17828784427832e-05,4.350080966949463,4.47213595499958,/Users/mmarss/study/science/ImageRegistration3D/UIR/runs/centered_affine_rz12_rym6_rx4_sx1p06_sy0p95_sz1p03_shxy0p0025_shyzm0p0015_tx8_tym6_tz5/roi500_var0020
T1,centered_affine_rz12_rym6_rx4_sx1p06_sy0p95_sz1p03_shxy0p0025_shyzm0p0015_tx8_tym6_tz5,500,500x500x500,awgn,0.0,25.0,42,10789,8.399593542644923e-05,7.195664366668587e-05,0.00015077531599999583,0.034424466554221184,0.019828424563331264,0.02172018942700049,0.02172018942700049,tx,7.806438557378392e-05,4.861499786376953,5.0,/Users/mmarss/study/science/ImageRegistration3D/UIR/runs/centered_affine_rz12_rym6_rx4_sx1p06_sy0p95_sz1p03_shxy0p0025_shyzm0p0015_tx8_tym6_tz5/roi500_var0025
T1,centered_affine_rz12_rym6_rx4_sx1p06_sy0p95_sz1p03_shxy0p0025_shyzm0p0015_tx8_tym6_tz5,500,500x500x500,awgn,0.0,40.0,42,10437,8.678758679639341e-05,6.907544677779863e-05,0.00015077531599999583,0.08605164750040677,0.04509596494533241,0.07271158935199651,0.07271158935199651,ty,6.850411315040272e-05,6.145552635192871,6.324555320336759,/Users/mmarss/study/science/ImageRegistration3D/UIR/runs/centered_affine_rz12_rym6_rx4_sx1p06_sy0p95_sz1p03_shxy0p0025_shyzm0p0015_tx8_tym6_tz5/roi500_var0040
T1,centered_affine_rz12_rym6_rx4_sx1p06_sy0p95_sz1p03_shxy0p0025_shyzm0p0015_tx8_tym6_tz5,500,500x500x500,awgn,0.0,45.0,42,10362,5.907636645287057e-05,4.875040722223914e-05,0.0001317753159999907,0.03705498389067748,0.020667424563332776,0.027444589351993898,0.027444589351993898,ty,0.00011474874806083335,6.517570972442627,6.708203932499369,/Users/mmarss/study/science/ImageRegistration3D/UIR/runs/centered_affine_rz12_rym6_rx4_sx1p06_sy0p95_sz1p03_shxy0p0025_shyzm0p0015_tx8_tym6_tz5/roi500_var0045
T1,centered_affine_rz12_rym6_rx4_sx1p06_sy0p95_sz1p03_shxy0p0025_shyzm0p0015_tx8_tym6_tz5,500,500x500x500,awgn,0.0,100.0,42,9527,8.791311821937243e-05,7.637548300000772e-05,0.0001357753159999947,0.08302698016216847,0.047464631611999174,0.05343181057300228,0.05343181057300228,tx,3.733198279209926e-05,9.710752487182617,10.0,/Users/mmarss/study/science/ImageRegistration3D/UIR/runs/centered_affine_rz12_rym6_rx4_sx1p06_sy0p95_sz1p03_shxy0p0025_shyzm0p0015_tx8_tym6_tz5/roi500_var0100
T1,centered_affine_rz12_rym6_rx4_sx1p06_sy0p95_sz1p03_shxy0p0025_shyzm0p0015_tx8_tym6_tz5,500,500x500x500,awgn,0.0,300.0,42,8033,0.00011768533457272306,0.00010631180966665408,0.0001700132949999933,0.13155779267534545,0.06619909122999938,0.11167649491099496,0.11167649491099496,tz,3.130456144750937e-05,16.810827255249023,17.320508075688775,/Users/mmarss/study/science/ImageRegistration3D/UIR/runs/centered_affine_rz12_rym6_rx4_sx1p06_sy0p95_sz1p03_shxy0p0025_shyzm0p0015_tx8_tym6_tz5/roi500_var0300
T1,centered_affine_rz12_rym6_rx4_sx1p06_sy0p95_sz1p03_shxy0p0025_shyzm0p0015_tx8_tym6_tz5,500,500x500x500,blur_awgn,1.0,25.0,42,8627,0.00010661800664545686,9.311223811111275e-05,0.00016726780699999333,0.11316153132735393,0.05640796494533381,0.10302658935199815,0.10302658935199815,ty,1.370483239881981e-05,4.869729042053223,5.0,/Users/mmarss/study/science/ImageRegistration3D/UIR/runs/centered_affine_rz12_rym6_rx4_sx1p06_sy0p95_sz1p03_shxy0p0025_shyzm0p0015_tx8_tym6_tz5/roi500_blur1_awgn_var0025
T2,centered_affine_rz68_rym22_rx19_sx1p5_sy0p88_sz1p33_shxy0p01_shyzm0p01_tx12_tym9_tz7,250,250x250x250,awgn,0.0,5.0,42,50,0.00290634273202689,0.0020565738103333234,0.005539546845000007,0.9878594959374061,0.5700620262326552,0.5935763937159919,0.5935763937159919,tz,0.0017612021729542793,2.2542271614074707,2.23606797749979,UIR/runs/centered_affine_rz68_rym22_rx19_sx1p5_sy0p88_sz1p33_shxy0p01_shyzm0p01_tx12_tym9_tz7/roi250_var0005
T2,centered_affine_rz68_rym22_rx19_sx1p5_sy0p88_sz1p33_shxy0p01_shyzm0p01_tx12_tym9_tz7,250,250x250x250,awgn,0.0,10.0,42,58,0.00289430089419885,0.00231705707944445,0.0055310859270000234,0.9940877449126029,0.5523713595659956,0.7061019259310086,0.7061019259310086,tx,0.003178214728942419,3.174914598464966,3.1622776601683795,UIR/runs/centered_affine_rz68_rym22_rx19_sx1p5_sy0p88_sz1p33_shxy0p01_shyzm0p01_tx12_tym9_tz7/roi250_var0010
T2,centered_affine_rz68_rym22_rx19_sx1p5_sy0p88_sz1p33_shxy0p01_shyzm0p01_tx12_tym9_tz7,250,250x250x250,awgn,0.0,15.0,42,49,0.0029165346226123663,0.002536945968333326,0.004885085926999988,0.9966105001966037,0.5268336928993307,0.7170787590509917,0.7170787590509917,ty,0.0028896063633981894,3.8830695152282715,3.872983346207417,UIR/runs/centered_affine_rz68_rym22_rx19_sx1p5_sy0p88_sz1p33_shxy0p01_shyzm0p01_tx12_tym9_tz7/roi250_var0015
T2,centered_affine_rz68_rym22_rx19_sx1p5_sy0p88_sz1p33_shxy0p01_shyzm0p01_tx12_tym9_tz7,250,250x250x250,awgn,0.0,20.0,42,52,0.003123720914108956,0.0024883904127777864,0.006498085927000075,0.9706858380138267,0.4969130262326639,0.8559739259310035,0.8559739259310035,tx,0.0037683811234572318,4.480723857879639,4.47213595499958,UIR/runs/centered_affine_rz68_rym22_rx19_sx1p5_sy0p88_sz1p33_shxy0p01_shyzm0p01_tx12_tym9_tz7/roi250_var0020
T2,centered_affine_rz68_rym22_rx19_sx1p5_sy0p88_sz1p33_shxy0p01_shyzm0p01_tx12_tym9_tz7,250,250x250x250,awgn,0.0,25.0,42,51,0.0025336944488128133,0.002053076133888884,0.004977085926999969,0.6418118975254695,0.25108335956599603,0.6325929259310072,0.6325929259310072,tx,0.0020498988535618823,5.007568359375,5.0,UIR/runs/centered_affine_rz68_rym22_rx19_sx1p5_sy0p88_sz1p33_shxy0p01_shyzm0p01_tx12_tym9_tz7/roi250_var0025
T2,centered_affine_rz68_rym22_rx19_sx1p5_sy0p88_sz1p33_shxy0p01_shyzm0p01_tx12_tym9_tz7,250,250x250x250,awgn,0.0,30.0,42,46,0.0025737531446518172,0.002298279301666672,0.003817790153000017,0.67740420702882,0.36741943042199193,0.5407779259310033,0.5407779259310033,tx,0.002128139559513076,5.483808517456055,5.477225575051661,UIR/runs/centered_affine_rz68_rym22_rx19_sx1p5_sy0p88_sz1p33_shxy0p01_shyzm0p01_tx12_tym9_tz7/roi250_var0030
T2,centered_affine_rz68_rym22_rx19_sx1p5_sy0p88_sz1p33_shxy0p01_shyzm0p01_tx12_tym9_tz7,250,250x250x250,awgn,0.0,35.0,42,49,0.002776161949595007,0.0024053904127777823,0.004581085927000017,0.8275870325535889,0.4287210970886619,0.7119999259310035,0.7119999259310035,tx,0.0028236388304828663,5.922064304351807,5.916079783099616,UIR/runs/centered_affine_rz68_rym22_rx19_sx1p5_sy0p88_sz1p33_shxy0p01_shyzm0p01_tx12_tym9_tz7/roi250_var0035
T2,centered_affine_rz68_rym22_rx19_sx1p5_sy0p88_sz1p33_shxy0p01_shyzm0p01_tx12_tym9_tz7,250,250x250x250,awgn,0.0,40.0,42,45,0.0025415654959520585,0.002261279301666672,0.0037927901530000196,0.6067991529542254,0.30972943042199336,0.46544392593100525,0.46544392593100525,tx,0.002698685672437473,6.330124378204346,6.324555320336759,UIR/runs/centered_affine_rz68_rym22_rx19_sx1p5_sy0p88_sz1p33_shxy0p01_shyzm0p01_tx12_tym9_tz7/roi250_var0040
T2,centered_affine_rz68_rym22_rx19_sx1p5_sy0p88_sz1p33_shxy0p01_shyzm0p01_tx12_tym9_tz7,250,250x250x250,awgn,0.0,45.0,42,50,0.0016918553506138332,0.0014959727674444426,0.002618085926999969,0.5226023186719907,0.2101967637553296,0.5159299259310046,0.5159299259310046,tx,0.00040157597115164645,6.71333122253418,6.708203932499369,UIR/runs/centered_affine_rz68_rym22_rx19_sx1p5_sy0p88_sz1p33_shxy0p01_shyzm0p01_tx12_tym9_tz7/roi250_var0045
T2,centered_affine_rz68_rym22_rx19_sx1p5_sy0p88_sz1p33_shxy0p01_shyzm0p01_tx12_tym9_tz7,250,250x250x250,awgn,0.0,50.0,42,49,0.0023276763640351673,0.0019901672981111045,0.004581790153000004,0.36917515028729714,0.19583852019867484,0.27831592593100396,0.27831592593100396,tx,0.0021900421778601187,7.075725555419922,7.0710678118654755,UIR/runs/centered_affine_rz68_rym22_rx19_sx1p5_sy0p88_sz1p33_shxy0p01_shyzm0p01_tx12_tym9_tz7/roi250_var0050
T2,centered_affine_rz68_rym22_rx19_sx1p5_sy0p88_sz1p33_shxy0p01_shyzm0p01_tx12_tym9_tz7,250,250x250x250,awgn,0.0,100.0,42,44,0.0033296849163363734,0.0024367228536666583,0.008282790153000014,1.3638200829799443,0.5275819243880117,1.3485179259310058,1.3485179259310058,tx,0.0040555428142234895,10.002392768859863,10.0,UIR/runs/centered_affine_rz68_rym22_rx19_sx1p5_sy0p88_sz1p33_shxy0p01_shyzm0p01_tx12_tym9_tz7/roi250_var0100
T2,centered_affine_rz68_rym22_rx19_sx1p5_sy0p88_sz1p33_shxy0p01_shyzm0p01_tx12_tym9_tz7,250,250x250x250,awgn,0.0,300.0,42,40,0.004424253254667812,0.0038837109618888943,0.007412085927000045,1.884703942815325,0.9519286928993201,1.6502339259310048,1.6502339259310048,tx,0.00753954519813127,17.315208435058594,17.320508075688775,UIR/runs/centered_affine_rz68_rym22_rx19_sx1p5_sy0p88_sz1p33_shxy0p01_shyzm0p01_tx12_tym9_tz7/roi250_var0300
T2,centered_affine_rz68_rym22_rx19_sx1p5_sy0p88_sz1p33_shxy0p01_shyzm0p01_tx12_tym9_tz7,500,500x500x500,awgn,0.0,10.0,42,396,0.0002902916532604356,0.00024637912588888603,0.0004584116360000223,0.32210627024603655,0.15635181685766972,0.27222412146599595,0.27222412146599595,tz,0.00014626156271435597,3.0862481594085693,3.1622776601683795,UIR/runs/centered_affine_rz68_rym22_rx19_sx1p5_sy0p88_sz1p33_shxy0p01_shyzm0p01_tx12_tym9_tz7/roi500_var0010
T2,centered_affine_rz68_rym22_rx19_sx1p5_sy0p88_sz1p33_shxy0p01_shyzm0p01_tx12_tym9_tz7,500,500x500x500,awgn,0.0,15.0,42,396,0.0003704315773788049,0.0003081102710000129,0.0006873794039999881,0.39312991620140636,0.19374715019100583,0.3296286865510183,0.3296286865510183,ty,0.0002995379324725045,3.7746036052703857,3.872983346207417,UIR/runs/centered_affine_rz68_rym22_rx19_sx1p5_sy0p88_sz1p33_shxy0p01_shyzm0p01_tx12_tym9_tz7/roi500_var0015
T2,centered_affine_rz68_rym22_rx19_sx1p5_sy0p88_sz1p33_shxy0p01_shyzm0p01_tx12_tym9_tz7,500,500x500x500,awgn,0.0,25.0,42,399,0.0003088736774432995,0.0002410926034444532,0.0005533794040000206,0.345076549966312,0.167538483524325,0.30643468655097195,0.30643468655097195,ty,0.0003989512082063218,4.867608547210693,5.0,UIR/runs/centered_affine_rz68_rym22_rx19_sx1p5_sy0p88_sz1p33_shxy0p01_shyzm0p01_tx12_tym9_tz7/roi500_var0025
T2,centered_affine_rz68_rym22_rx19_sx1p5_sy0p88_sz1p33_shxy0p01_shyzm0p01_tx12_tym9_tz7,500,500x500x500,awgn,0.0,40.0,42,388,0.00027888385160335343,0.00022865856900000802,0.0005167901530000185,0.35299657084090474,0.19801081685766064,0.266021686550971,0.266021686550971,ty,0.0004206607613654878,6.153256416320801,6.324555320336759,UIR/runs/centered_affine_rz68_rym22_rx19_sx1p5_sy0p88_sz1p33_shxy0p01_shyzm0p01_tx12_tym9_tz7/roi500_var0040
T2,centered_affine_rz68_rym22_rx19_sx1p5_sy0p88_sz1p33_shxy0p01_shyzm0p01_tx12_tym9_tz7,500,500x500x500,awgn,0.0,100.0,42,338,0.000486536032251589,0.0003761692825555533,0.0010933794040000056,0.5985472049079891,0.26595505515366824,0.5731286865510015,0.5731286865510015,ty,0.000879802148710529,9.722926139831543,10.0,UIR/runs/centered_affine_rz68_rym22_rx19_sx1p5_sy0p88_sz1p33_shxy0p01_shyzm0p01_tx12_tym9_tz7/roi500_var0100
