requested_variance,match_count,noise_std,expected_noise_std,noise_std_abs_error,noise_variance_observed,matrix_frobenius_error,linear_frobenius_error,translation_l2_error,max_abs_matrix_error,linear_det_abs_error,expected_transform_path,estimated_transform_path,transform_diff_path,matches_path,run_dir
5.0,50,2.2542271614074707,2.23606797749979,0.018159183907680898,5.081540095227183,0.9878979730550995,0.008719028196080671,0.987859495937398,0.5935763937159919,0.0017612021729542793,UIR/runs/centered_affine_rz68_rym22_rx19_sx1p5_sy0p88_sz1p33_shxy0p01_shyzm0p01_tx12_tym9_tz7/roi250_var0005/expected_roi_transform.csv,UIR/runs/centered_affine_rz68_rym22_rx19_sx1p5_sy0p88_sz1p33_shxy0p01_shyzm0p01_tx12_tym9_tz7/roi250_var0005/transform.csv,UIR/runs/centered_affine_rz68_rym22_rx19_sx1p5_sy0p88_sz1p33_shxy0p01_shyzm0p01_tx12_tym9_tz7/roi250_var0005/plots/transform_minus_expected.csv,UIR/runs/centered_affine_rz68_rym22_rx19_sx1p5_sy0p88_sz1p33_shxy0p01_shyzm0p01_tx12_tym9_tz7/roi250_var0005/matches.csv,UIR/runs/centered_affine_rz68_rym22_rx19_sx1p5_sy0p88_sz1p33_shxy0p01_shyzm0p01_tx12_tym9_tz7/roi250_var0005
10.0,58,3.174914598464966,3.1622776601683795,0.012636938296586298,10.080082707545955,0.9941256647850912,0.008682902682596551,0.9940877449125928,0.7061019259309944,0.003178214728942419,UIR/runs/centered_affine_rz68_rym22_rx19_sx1p5_sy0p88_sz1p33_shxy0p01_shyzm0p01_tx12_tym9_tz7/roi250_var0010/expected_roi_transform.csv,UIR/runs/centered_affine_rz68_rym22_rx19_sx1p5_sy0p88_sz1p33_shxy0p01_shyzm0p01_tx12_tym9_tz7/roi250_var0010/transform.csv,UIR/runs/centered_affine_rz68_rym22_rx19_sx1p5_sy0p88_sz1p33_shxy0p01_shyzm0p01_tx12_tym9_tz7/roi250_var0010/plots/transform_minus_expected.csv,UIR/runs/centered_affine_rz68_rym22_rx19_sx1p5_sy0p88_sz1p33_shxy0p01_shyzm0p01_tx12_tym9_tz7/roi250_var0010/matches.csv,UIR/runs/centered_affine_rz68_rym22_rx19_sx1p5_sy0p88_sz1p33_shxy0p01_shyzm0p01_tx12_tym9_tz7/roi250_var0010
15.0,49,3.8830695152282715,3.872983346207417,0.010086169020854463,15.078228860095123,0.9966489074242493,0.0087496038678371,0.9966105001965943,0.7170787590509917,0.0028896063633981894,UIR/runs/centered_affine_rz68_rym22_rx19_sx1p5_sy0p88_sz1p33_shxy0p01_shyzm0p01_tx12_tym9_tz7/roi250_var0015/expected_roi_transform.csv,UIR/runs/centered_affine_rz68_rym22_rx19_sx1p5_sy0p88_sz1p33_shxy0p01_shyzm0p01_tx12_tym9_tz7/roi250_var0015/transform.csv,UIR/runs/centered_affine_rz68_rym22_rx19_sx1p5_sy0p88_sz1p33_shxy0p01_shyzm0p01_tx12_tym9_tz7/roi250_var0015/plots/transform_minus_expected.csv,UIR/runs/centered_affine_rz68_rym22_rx19_sx1p5_sy0p88_sz1p33_shxy0p01_shyzm0p01_tx12_tym9_tz7/roi250_var0015/matches.csv,UIR/runs/centered_affine_rz68_rym22_rx19_sx1p5_sy0p88_sz1p33_shxy0p01_shyzm0p01_tx12_tym9_tz7/roi250_var0015
20.0,52,4.480723857879639,4.47213595499958,0.008587902880059062,20.076886290571792,0.9707310723427596,0.009371162742326869,0.9706858380138141,0.8559739259309893,0.0037683811234572318,UIR/runs/centered_affine_rz68_rym22_rx19_sx1p5_sy0p88_sz1p33_shxy0p01_shyzm0p01_tx12_tym9_tz7/roi250_var0020/expected_roi_transform.csv,UIR/runs/centered_affine_rz68_rym22_rx19_sx1p5_sy0p88_sz1p33_shxy0p01_shyzm0p01_tx12_tym9_tz7/roi250_var0020/transform.csv,UIR/runs/centered_affine_rz68_rym22_rx19_sx1p5_sy0p88_sz1p33_shxy0p01_shyzm0p01_tx12_tym9_tz7/roi250_var0020/plots/transform_minus_expected.csv,UIR/runs/centered_affine_rz68_rym22_rx19_sx1p5_sy0p88_sz1p33_shxy0p01_shyzm0p01_tx12_tym9_tz7/roi250_var0020/matches.csv,UIR/runs/centered_affine_rz68_rym22_rx19_sx1p5_sy0p88_sz1p33_shxy0p01_shyzm0p01_tx12_tym9_tz7/roi250_var0020
25.0,51,5.007568359375,5.0,0.007568359375,25.07574087381363,0.6418569063843321,0.007601083346438439,0.6418118975254555,0.632592925930993,0.0020498988535618823,UIR/runs/centered_affine_rz68_rym22_rx19_sx1p5_sy0p88_sz1p33_shxy0p01_shyzm0p01_tx12_tym9_tz7/roi250_var0025/expected_roi_transform.csv,UIR/runs/centered_affine_rz68_rym22_rx19_sx1p5_sy0p88_sz1p33_shxy0p01_shyzm0p01_tx12_tym9_tz7/roi250_var0025/transform.csv,UIR/runs/centered_affine_rz68_rym22_rx19_sx1p5_sy0p88_sz1p33_shxy0p01_shyzm0p01_tx12_tym9_tz7/roi250_var0025/plots/transform_minus_expected.csv,UIR/runs/centered_affine_rz68_rym22_rx19_sx1p5_sy0p88_sz1p33_shxy0p01_shyzm0p01_tx12_tym9_tz7/roi250_var0025/matches.csv,UIR/runs/centered_affine_rz68_rym22_rx19_sx1p5_sy0p88_sz1p33_shxy0p01_shyzm0p01_tx12_tym9_tz7/roi250_var0025
30.0,46,5.483808517456055,5.477225575051661,0.006582942404393499,30.072155856123572,0.6774482102327641,0.007721259433955451,0.6774042070288087,0.5407779259309891,0.002128139559513076,UIR/runs/centered_affine_rz68_rym22_rx19_sx1p5_sy0p88_sz1p33_shxy0p01_shyzm0p01_tx12_tym9_tz7/roi250_var0030/expected_roi_transform.csv,UIR/runs/centered_affine_rz68_rym22_rx19_sx1p5_sy0p88_sz1p33_shxy0p01_shyzm0p01_tx12_tym9_tz7/roi250_var0030/transform.csv,UIR/runs/centered_affine_rz68_rym22_rx19_sx1p5_sy0p88_sz1p33_shxy0p01_shyzm0p01_tx12_tym9_tz7/roi250_var0030/plots/transform_minus_expected.csv,UIR/runs/centered_affine_rz68_rym22_rx19_sx1p5_sy0p88_sz1p33_shxy0p01_shyzm0p01_tx12_tym9_tz7/roi250_var0030/matches.csv,UIR/runs/centered_affine_rz68_rym22_rx19_sx1p5_sy0p88_sz1p33_shxy0p01_shyzm0p01_tx12_tym9_tz7/roi250_var0030
35.0,49,5.922064304351807,5.916079783099616,0.005984521252190511,35.07084562487785,0.8276289386720164,0.00832848584878502,0.8275870325535767,0.7119999259309893,0.0028236388304828663,UIR/runs/centered_affine_rz68_rym22_rx19_sx1p5_sy0p88_sz1p33_shxy0p01_shyzm0p01_tx12_tym9_tz7/roi250_var0035/expected_roi_transform.csv,UIR/runs/centered_affine_rz68_rym22_rx19_sx1p5_sy0p88_sz1p33_shxy0p01_shyzm0p01_tx12_tym9_tz7/roi250_var0035/transform.csv,UIR/runs/centered_affine_rz68_rym22_rx19_sx1p5_sy0p88_sz1p33_shxy0p01_shyzm0p01_tx12_tym9_tz7/roi250_var0035/plots/transform_minus_expected.csv,UIR/runs/centered_affine_rz68_rym22_rx19_sx1p5_sy0p88_sz1p33_shxy0p01_shyzm0p01_tx12_tym9_tz7/roi250_var0035/matches.csv,UIR/runs/centered_affine_rz68_rym22_rx19_sx1p5_sy0p88_sz1p33_shxy0p01_shyzm0p01_tx12_tym9_tz7/roi250_var0035
40.0,45,6.330124378204346,6.324555320336759,0.0055690578675866576,40.070474643536954,0.6068470548849059,0.007624696487856177,0.6067991529542145,0.46544392593099104,0.002698685672437473,UIR/runs/centered_affine_rz68_rym22_rx19_sx1p5_sy0p88_sz1p33_shxy0p01_shyzm0p01_tx12_tym9_tz7/roi250_var0040/expected_roi_transform.csv,UIR/runs/centered_affine_rz68_rym22_rx19_sx1p5_sy0p88_sz1p33_shxy0p01_shyzm0p01_tx12_tym9_tz7/roi250_var0040/transform.csv,UIR/runs/centered_affine_rz68_rym22_rx19_sx1p5_sy0p88_sz1p33_shxy0p01_shyzm0p01_tx12_tym9_tz7/roi250_var0040/plots/transform_minus_expected.csv,UIR/runs/centered_affine_rz68_rym22_rx19_sx1p5_sy0p88_sz1p33_shxy0p01_shyzm0p01_tx12_tym9_tz7/roi250_var0040/matches.csv,UIR/runs/centered_affine_rz68_rym22_rx19_sx1p5_sy0p88_sz1p33_shxy0p01_shyzm0p01_tx12_tym9_tz7/roi250_var0040
45.0,50,6.71333122253418,6.708203932499369,0.005127290034810272,45.068816103452264,0.5226269652936719,0.005075566051841499,0.5226023186719767,0.5159299259309904,0.00040157597115164645,UIR/runs/centered_affine_rz68_rym22_rx19_sx1p5_sy0p88_sz1p33_shxy0p01_shyzm0p01_tx12_tym9_tz7/roi250_var0045/expected_roi_transform.csv,UIR/runs/centered_affine_rz68_rym22_rx19_sx1p5_sy0p88_sz1p33_shxy0p01_shyzm0p01_tx12_tym9_tz7/roi250_var0045/transform.csv,UIR/runs/centered_affine_rz68_rym22_rx19_sx1p5_sy0p88_sz1p33_shxy0p01_shyzm0p01_tx12_tym9_tz7/roi250_var0045/plots/transform_minus_expected.csv,UIR/runs/centered_affine_rz68_rym22_rx19_sx1p5_sy0p88_sz1p33_shxy0p01_shyzm0p01_tx12_tym9_tz7/roi250_var0045/matches.csv,UIR/runs/centered_affine_rz68_rym22_rx19_sx1p5_sy0p88_sz1p33_shxy0p01_shyzm0p01_tx12_tym9_tz7/roi250_var0045
50.0,49,7.075725555419922,7.0710678118654755,0.00465774355444637,50.06589213562256,0.3692411871459382,0.006983029092105501,0.3691751502872864,0.27831592593098975,0.0021900421778601187,UIR/runs/centered_affine_rz68_rym22_rx19_sx1p5_sy0p88_sz1p33_shxy0p01_shyzm0p01_tx12_tym9_tz7/roi250_var0050/expected_roi_transform.csv,UIR/runs/centered_affine_rz68_rym22_rx19_sx1p5_sy0p88_sz1p33_shxy0p01_shyzm0p01_tx12_tym9_tz7/roi250_var0050/transform.csv,UIR/runs/centered_affine_rz68_rym22_rx19_sx1p5_sy0p88_sz1p33_shxy0p01_shyzm0p01_tx12_tym9_tz7/roi250_var0050/plots/transform_minus_expected.csv,UIR/runs/centered_affine_rz68_rym22_rx19_sx1p5_sy0p88_sz1p33_shxy0p01_shyzm0p01_tx12_tym9_tz7/roi250_var0050/matches.csv,UIR/runs/centered_affine_rz68_rym22_rx19_sx1p5_sy0p88_sz1p33_shxy0p01_shyzm0p01_tx12_tym9_tz7/roi250_var0050
100.0,44,10.002392768859863,10.0,0.0023927688598632812,100.04786110254008,1.363856664006215,0.009989054749009121,1.36382008297993,1.3485179259309916,0.0040555428142234895,UIR/runs/centered_affine_rz68_rym22_rx19_sx1p5_sy0p88_sz1p33_shxy0p01_shyzm0p01_tx12_tym9_tz7/roi250_var0100/expected_roi_transform.csv,UIR/runs/centered_affine_rz68_rym22_rx19_sx1p5_sy0p88_sz1p33_shxy0p01_shyzm0p01_tx12_tym9_tz7/roi250_var0100/transform.csv,UIR/runs/centered_affine_rz68_rym22_rx19_sx1p5_sy0p88_sz1p33_shxy0p01_shyzm0p01_tx12_tym9_tz7/roi250_var0100/plots/transform_minus_expected.csv,UIR/runs/centered_affine_rz68_rym22_rx19_sx1p5_sy0p88_sz1p33_shxy0p01_shyzm0p01_tx12_tym9_tz7/roi250_var0100/matches.csv,UIR/runs/centered_affine_rz68_rym22_rx19_sx1p5_sy0p88_sz1p33_shxy0p01_shyzm0p01_tx12_tym9_tz7/roi250_var0100
300.0,40,17.315208435058594,17.320508075688775,0.005299640630180846,299.8164431495243,1.884750677998376,0.013272759764003437,1.8847039428153125,1.6502339259309906,0.00753954519813127,UIR/runs/centered_affine_rz68_rym22_rx19_sx1p5_sy0p88_sz1p33_shxy0p01_shyzm0p01_tx12_tym9_tz7/roi250_var0300/expected_roi_transform.csv,UIR/runs/centered_affine_rz68_rym22_rx19_sx1p5_sy0p88_sz1p33_shxy0p01_shyzm0p01_tx12_tym9_tz7/roi250_var0300/transform.csv,UIR/runs/centered_affine_rz68_rym22_rx19_sx1p5_sy0p88_sz1p33_shxy0p01_shyzm0p01_tx12_tym9_tz7/roi250_var0300/plots/transform_minus_expected.csv,UIR/runs/centered_affine_rz68_rym22_rx19_sx1p5_sy0p88_sz1p33_shxy0p01_shyzm0p01_tx12_tym9_tz7/roi250_var0300/matches.csv,UIR/runs/centered_affine_rz68_rym22_rx19_sx1p5_sy0p88_sz1p33_shxy0p01_shyzm0p01_tx12_tym9_tz7/roi250_var0300
10.0,396,3.0862481594085693,3.1622776601683795,0.07602950075981019,9.524927701452782,0.32210744753111237,0.0008708749597813067,0.32210627024603655,0.27222412146599595,0.00014626156271435597,UIR/runs/centered_affine_rz68_rym22_rx19_sx1p5_sy0p88_sz1p33_shxy0p01_shyzm0p01_tx12_tym9_tz7/roi500_var0010/expected_roi_transform.csv,UIR/runs/centered_affine_rz68_rym22_rx19_sx1p5_sy0p88_sz1p33_shxy0p01_shyzm0p01_tx12_tym9_tz7/roi500_var0010/transform.csv,UIR/runs/centered_affine_rz68_rym22_rx19_sx1p5_sy0p88_sz1p33_shxy0p01_shyzm0p01_tx12_tym9_tz7/roi500_var0010/plots/transform_minus_expected.csv,UIR/runs/centered_affine_rz68_rym22_rx19_sx1p5_sy0p88_sz1p33_shxy0p01_shyzm0p01_tx12_tym9_tz7/roi500_var0010/matches.csv,UIR/runs/centered_affine_rz68_rym22_rx19_sx1p5_sy0p88_sz1p33_shxy0p01_shyzm0p01_tx12_tym9_tz7/roi500_var0010
15.0,396,3.7746036052703857,3.872983346207417,0.09837974093703128,14.247632376920194,0.3931314868952962,0.0011112947321364145,0.39312991620140636,0.3296286865510183,0.0002995379324725045,UIR/runs/centered_affine_rz68_rym22_rx19_sx1p5_sy0p88_sz1p33_shxy0p01_shyzm0p01_tx12_tym9_tz7/roi500_var0015/expected_roi_transform.csv,UIR/runs/centered_affine_rz68_rym22_rx19_sx1p5_sy0p88_sz1p33_shxy0p01_shyzm0p01_tx12_tym9_tz7/roi500_var0015/transform.csv,UIR/runs/centered_affine_rz68_rym22_rx19_sx1p5_sy0p88_sz1p33_shxy0p01_shyzm0p01_tx12_tym9_tz7/roi500_var0015/plots/transform_minus_expected.csv,UIR/runs/centered_affine_rz68_rym22_rx19_sx1p5_sy0p88_sz1p33_shxy0p01_shyzm0p01_tx12_tym9_tz7/roi500_var0015/matches.csv,UIR/runs/centered_affine_rz68_rym22_rx19_sx1p5_sy0p88_sz1p33_shxy0p01_shyzm0p01_tx12_tym9_tz7/roi500_var0015
25.0,399,4.867608547210693,5.0,0.13239145278930664,23.693612968878597,0.3450777940743075,0.0009266210323298986,0.345076549966312,0.30643468655097195,0.00039895120820621077,UIR/runs/centered_affine_rz68_rym22_rx19_sx1p5_sy0p88_sz1p33_shxy0p01_shyzm0p01_tx12_tym9_tz7/roi500_var0025/expected_roi_transform.csv,UIR/runs/centered_affine_rz68_rym22_rx19_sx1p5_sy0p88_sz1p33_shxy0p01_shyzm0p01_tx12_tym9_tz7/roi500_var0025/transform.csv,UIR/runs/centered_affine_rz68_rym22_rx19_sx1p5_sy0p88_sz1p33_shxy0p01_shyzm0p01_tx12_tym9_tz7/roi500_var0025/plots/transform_minus_expected.csv,UIR/runs/centered_affine_rz68_rym22_rx19_sx1p5_sy0p88_sz1p33_shxy0p01_shyzm0p01_tx12_tym9_tz7/roi500_var0025/matches.csv,UIR/runs/centered_affine_rz68_rym22_rx19_sx1p5_sy0p88_sz1p33_shxy0p01_shyzm0p01_tx12_tym9_tz7/roi500_var0025
40.0,388,6.153256416320801,6.324555320336759,0.17129890401595826,37.862564524993104,0.3529975623304813,0.0008366515548100603,0.35299657084090474,0.266021686550971,0.0004206607613654878,UIR/runs/centered_affine_rz68_rym22_rx19_sx1p5_sy0p88_sz1p33_shxy0p01_shyzm0p01_tx12_tym9_tz7/roi500_var0040/expected_roi_transform.csv,UIR/runs/centered_affine_rz68_rym22_rx19_sx1p5_sy0p88_sz1p33_shxy0p01_shyzm0p01_tx12_tym9_tz7/roi500_var0040/transform.csv,UIR/runs/centered_affine_rz68_rym22_rx19_sx1p5_sy0p88_sz1p33_shxy0p01_shyzm0p01_tx12_tym9_tz7/roi500_var0040/plots/transform_minus_expected.csv,UIR/runs/centered_affine_rz68_rym22_rx19_sx1p5_sy0p88_sz1p33_shxy0p01_shyzm0p01_tx12_tym9_tz7/roi500_var0040/matches.csv,UIR/runs/centered_affine_rz68_rym22_rx19_sx1p5_sy0p88_sz1p33_shxy0p01_shyzm0p01_tx12_tym9_tz7/roi500_var0040
100.0,338,9.722926139831543,10.0,0.27707386016845703,94.53529272061951,0.5985489845943792,0.001459608096754767,0.5985472049079891,0.5731286865510015,0.000879802148710529,UIR/runs/centered_affine_rz68_rym22_rx19_sx1p5_sy0p88_sz1p33_shxy0p01_shyzm0p01_tx12_tym9_tz7/roi500_var0100/expected_roi_transform.csv,UIR/runs/centered_affine_rz68_rym22_rx19_sx1p5_sy0p88_sz1p33_shxy0p01_shyzm0p01_tx12_tym9_tz7/roi500_var0100/transform.csv,UIR/runs/centered_affine_rz68_rym22_rx19_sx1p5_sy0p88_sz1p33_shxy0p01_shyzm0p01_tx12_tym9_tz7/roi500_var0100/plots/transform_minus_expected.csv,UIR/runs/centered_affine_rz68_rym22_rx19_sx1p5_sy0p88_sz1p33_shxy0p01_shyzm0p01_tx12_tym9_tz7/roi500_var0100/matches.csv,UIR/runs/centered_affine_rz68_rym22_rx19_sx1p5_sy0p88_sz1p33_shxy0p01_shyzm0p01_tx12_tym9_tz7/roi500_var0100
